FishID,Species,TagID,TagType,Origin,FishIDs,ProjectID,ReleaseSite,CaptureDate,CaptureLocation,Easting,Northing,ForkLength,TotalLength,LengthUnit,Mass,MassUnit,Alive,Recapture,InitialRelease,Sex,Interorbital,InsideMouth,OutsideMouth,DorsalScore,CaudalScore,FinClipObs,Surgeon,VIE,DevelopmentalStage,StockingMark1,StockingMark2,FinClip,ScaleSample,SensorType,SensorIDCode,SensorCodeSpace,System,Notes
SNS-2006-001,SNS,1053H,Acoustic,Wild,"Carlin: 31000; Genetic ID: G-001; Photo ID: 06-001;",Sturgeon-PNR,"Penobscot River","2006-06-14 00:00:00","Penobscot River",514165,4945937,80,89,cm,4.25,kg,1,0,1,U,60,,54,,,,,,,,,,,D,212,1105,Penobscot,
SNS-2006-034,SNS,1098600,Acoustic,Wild,"Carlin: 32979; Genetic ID: G-220; Photo ID: 10-187;",Sturgeon-PNR,"Penobscot River","2006-07-06 08:20:00","Penobscot River",516667,4956844,103,116,cm,9.5,kg,1,0,1,U,78,55,64,,,,,,,,,,,,NA,NA,Penobscot,
SNS-2006-034,SNS,1098600,Acoustic,Wild,"Carlin: 32979; Genetic ID: G-220; Photo ID: 10-187;",Sturgeon-PNR,"Penobscot River","2008-08-13 10:02:00","Penobscot River",517015,4958101,103,116,cm,9.5,kg,1,1,0,F,76,48,62,,,,,,,,,,,,NA,NA,Penobscot,
SNS-2006-034,SNS,1098600,Acoustic,Wild,"Carlin: 32979; Genetic ID: G-220; Photo ID: 10-187;",Sturgeon-PNR,"Penobscot River","2010-10-11 11:52:00","Penobscot River",517235,4958383,102,115,cm,9.5,kg,1,1,0,LF,77,57,59,,,,,,,,,,,,NA,NA,Penobscot,
SNS-2007-003,SNS,1044640,Acoustic,Wild,"Carlin: 31067; Genetic ID: G-074; Photo ID: 07-004;",Sturgeon-PNR,"Penobscot River","2007-05-25 12:11:00","Penobscot River",513955,4945803,66,78,cm,2.5,kg,1,0,1,U,49,36,44,,,,,,,,,,,,NA,NA,Penobscot,
SNS-2007-004,SNS,1044641,Acoustic,Wild,"Carlin: 31066; Genetic ID: G-073; Photo ID: 07-003;",Sturgeon-PNR,"Penobscot River","2007-05-25 12:11:00","Penobscot River",513955,4945803,85,100,cm,6.0,kg,1,0,1,U,63,49,57,,,,,,,,,,,,NA,NA,Penobscot,
SNS-2007-006,SNS,1039849,Acoustic,Wild,"Carlin: 31071; Genetic ID: G-078; Photo ID: 07-008;",Sturgeon-PNR,"Penobscot River","2007-05-28 08:57:00","Penobscot River",513966,4945805,93,106,cm,6.5,kg,1,0,1,U,67,49,57,,,,,,,,,,,,NA,NA,Penobscot,
SNS-2007-007,SNS,1039848,Acoustic,Wild,"Carlin: 31072; Genetic ID: G-079; Photo ID: 07-009;",Sturgeon-PNR,"Penobscot River","2007-05-28 09:54:00","Penobscot River",514266,4945925,67,77,cm,2.5,kg,1,0,1,U,54,37,44,,,,,,,,,,,,NA,NA,Penobscot,
SNS-2007-012,SNS,1039846,Acoustic,Wild,"Carlin: 31079; Genetic ID: G-086; Photo ID: 07-016;",Sturgeon-PNR,"Penobscot River","2007-05-29 09:55:00","Penobscot River",514002,4945715,88,104,cm,5.5,kg,1,0,1,U,65,45,57,,,,,,,,,,,,NA,NA,Penobscot,
SNS-2007-014,SNS,1039847,Acoustic,Wild,"Carlin: 31085; Genetic ID: G-092; Photo ID: 07-022;",Sturgeon-PNR,"Penobscot River","2007-05-29 12:30:00","Penobscot River",513955,4945803,82,96,cm,4.75,kg,1,0,1,U,58,47,53,,,,,,,,,,,,NA,NA,Penobscot,
SNS-2007-015,SNS,1039845,Acoustic,Wild,"Carlin: 31400; Genetic ID: G-090; Photo ID: 07-020;",Sturgeon-PNR,"Penobscot River","2007-05-29 12:30:00","Penobscot River",513955,4945803,88,99,cm,6.0,kg,1,0,1,U,65,47,53,,,,,,,,,,,,NA,NA,Penobscot,
SNS-2007-015,SNS,1039845,Acoustic,Wild,"Carlin: 31400; Genetic ID: G-090; Photo ID: 07-020;",Sturgeon-PNR,"Penobscot River","2007-05-30 11:30:00","Penobscot River",514113,4945878,88,99,cm,6.0,kg,1,1,0,U,65,47,53,,,,,,,,,,,,NA,NA,Penobscot,
SNS-2007-021,SNS,1039844,Acoustic,Wild,"Carlin: 31086; Genetic ID: G-093; Photo ID: 07-023;",Sturgeon-PNR,"Penobscot River","2007-05-30 09:35:00","Penobscot River",514006,4945741,92,104,cm,7.75,kg,1,0,1,U,65,50,63,,,,,,,,,,,,NA,NA,Penobscot,
SNS-2007-029,SNS,1042795,Acoustic,Wild,"Carlin: 31402; Genetic ID: G-108; Photo ID: 08-048;",Sturgeon-PNR,"Penobscot River","2007-05-30 11:30:00","Penobscot River",514113,4945878,83,96,cm,4.5,kg,1,0,1,U,62,48,53,,,,,,,,,,,,NA,NA,Penobscot,
SNS-2007-029,SNS,1042795,Acoustic,Wild,"Carlin: 31402; Genetic ID: G-108; Photo ID: 08-048;",Sturgeon-PNR,"Penobscot River","2008-07-15 15:00:00","Penobscot River",514972,4946773,93,106,cm,6.0,kg,1,1,0,U,67,48,55,,,,,,,,,,,,NA,NA,Penobscot,
SNS-2007-029,SNS,1042795,Acoustic,Wild,"Carlin: 31402; Genetic ID: G-108; Photo ID: 08-048;",Sturgeon-PNR,"Penobscot River","2008-08-13 09:25:00","Penobscot River",516829,4957870,91,105,cm,6.0,kg,1,1,0,U,65,46,54,,,,,,,,,,,,NA,NA,Penobscot,
SNS-2007-047,SNS,1043679,Acoustic,Wild,"Carlin: 31418; Genetic ID: G-124; Photo ID: 09-096;",Sturgeon-PNR,"Penobscot River","2007-06-02 15:41:00","Penobscot River",513981,4945776,101,118,cm,9.0,kg,1,0,1,U,75,58,64,,,,,,,,,,,,NA,NA,Penobscot,
SNS-2007-047,SNS,1043679,Acoustic,Wild,"Carlin: 31418; Genetic ID: G-124; Photo ID: 09-096;",Sturgeon-PNR,"Penobscot River","2009-09-22 15:37:00","Penobscot River",517252,4958288,102,118,cm,9.5,kg,1,1,0,LF,75,58,67,,,,,,,,,,,,NA,NA,Penobscot,
SNS-2007-068,SNS,1043689,Acoustic,Wild,"Carlin: 31457; Genetic ID: G-162; Photo ID: 07-096;",Sturgeon-PNR,"Penobscot River","2007-09-25 13:11:00","Penobscot River",519882,4961529,88,100,cm,5.5,kg,1,0,1,U,69,44,53,,,,,,,,,,,,NA,NA,Penobscot,
SNS-2007-068,SNS,1043689,Acoustic,Wild,"Carlin: 31457; Genetic ID: G-162; Photo ID: 07-096;",Sturgeon-PNR,"Penobscot River","2010-07-09 11:22:00","Penobscot River",514301,4948257,89,99,cm,6.0,kg,1,1,0,U,70,46,53,,,,,,,,,,,,NA,NA,Penobscot,
SNS-2007-069,SNS,1043683,Acoustic,Wild,"Carlin: 31471; Genetic ID: G-171; Photo ID: 07-106;",Sturgeon-PNR,"Penobscot River","2007-09-26 11:35:00","Penobscot River",519883,4961575,87,99,cm,7.0,kg,1,0,1,F,63,51,57,,,,,,,,,,,,NA,NA,Penobscot,
SNS-2007-078,SNS,1043687,Acoustic,Wild,"Carlin: 31472; Genetic ID: G-177; Photo ID: 07-112;",Sturgeon-PNR,"Penobscot River","2007-09-27 07:48:00","Penobscot River",519746,4961331,108,125,cm,11.0,kg,1,0,1,F,75,57,65,,,,,,,,,,,,NA,NA,Penobscot,
SNS-2007-079,SNS,1043684,Acoustic,Wild,"Carlin: 31473; Genetic ID: G-178; Photo ID: 07-113;",Sturgeon-PNR,"Penobscot River","2007-09-27 08:55:00","Penobscot River",519746,4961331,94,108,cm,9.5,kg,1,0,1,F,69,57,64,,,,,,,,,,,,NA,NA,Penobscot,
SNS-2007-080,SNS,1043685,Acoustic,Wild,"Carlin: 31474; Genetic ID: G-179; Photo ID: 07-114;",Sturgeon-PNR,"Penobscot River","2007-09-27 09:56:00","Penobscot River",519746,4961331,87,100,cm,6.5,kg,1,0,1,F,60,49,57,,,,,,,,,,,,NA,NA,Penobscot,
SNS-2007-087,SNS,1043681,Acoustic,Wild,"Carlin: 31482; Genetic ID: G-187; Photo ID: 07-126;",Sturgeon-PNR,"Penobscot River","2007-11-02 13:18:00","Penobscot River",516891,4957896,97,112,cm,6.0,kg,1,0,1,U,64,49,57,,,,,,,,,,,,NA,NA,Penobscot,
SNS-2007-088,SNS,1043680,Acoustic,Wild,"Carlin: 31492; Genetic ID: G-186; Photo ID: 07-125;",Sturgeon-PNR,"Penobscot River","2007-11-02 13:18:00","Penobscot River",516891,4957896,104,118,cm,8.5,kg,1,0,1,U,74,58,67,,,,,,,,,,,,NA,NA,Penobscot,
SNS-2007-088,SNS,1043680,Acoustic,Wild,"Carlin: 31492; Genetic ID: G-186; Photo ID: 07-125;",Sturgeon-PNR,"Penobscot River","2008-07-15 15:00:00","Penobscot River",514972,4946773,101,118,cm,10.75,kg,1,1,0,U,,,,,,,,,,,,,,,NA,NA,Penobscot,
SNS-2007-089,SNS,1043682,Acoustic,Wild,"Carlin: 31483; Genetic ID: G-188; Photo ID: 07-127;",Sturgeon-PNR,"Penobscot River","2007-11-02 15:00:00","Penobscot River",516893,4957875,93,104,cm,6.0,kg,1,0,1,U,67,59,68,,,,,,,,,,,,NA,NA,Penobscot,
SNS-2008-001,SNS,1042793,Acoustic,Wild,"Carlin: 31488; Genetic ID: G-193; Photo ID: 08-005;",Sturgeon-PNR,"Penobscot River","2008-07-02 14:18:00","Penobscot River",514750,4947544,94,109,cm,7.0,kg,1,0,1,U,74,51,59,,,,,,,,,,,,NA,NA,Penobscot,
SNS-2008-002,SNS,1042792,Acoustic,Wild,"Carlin: 31489; Genetic ID: G-376; Photo ID: 08-006;",Sturgeon-PNR,"Penobscot River","2008-07-02 13:55:00","Penobscot River",514596,4947297,89,99,cm,7.0,kg,1,0,1,F,65,50,58,,,,,,,,,,,,NA,NA,Penobscot,
SNS-2008-003,SNS,1042794,Acoustic,Wild,"Carlin: 31493; Genetic ID: G-197; Photo ID: 08-010;",Sturgeon-PNR,"Penobscot River","2008-07-15 15:00:00","Penobscot River",514972,4946773,80,88,cm,4.5,kg,1,0,1,U,63,43,56,,,,,,,,,,,,NA,NA,Penobscot,
SNS-2008-004,SNS,1043698,Acoustic,Wild,"Carlin: 31496; FLOY: 102337; Genetic ID: G-200; Photo ID: 08-013;",Sturgeon-PNR,"Penobscot River","2008-07-15 15:00:00","Penobscot River",514972,4946773,86,97,cm,5.5,kg,1,0,1,F,59,42,50,,,,,,,,,,,,NA,NA,Penobscot,
SNS-2008-004,SNS,1043698,Acoustic,Wild,"Carlin: 31496; FLOY: 102337; Genetic ID: G-200; Photo ID: 08-013;",Sturgeon-PNR,"Penobscot River","2013-07-11 00:00:00","Penobscot River",514529,4947944,88,103,cm,6.0,kg,1,1,0,U,61,46,55,,,,,,,,,,,,NA,NA,Penobscot,
SNS-2008-005,SNS,1042800,Acoustic,Wild,"Carlin: 31495; Genetic ID: G-199; Photo ID: 08-012;",Sturgeon-PNR,"Penobscot River","2008-07-15 15:00:00","Penobscot River",514972,4946773,88,103,cm,7.5,kg,1,0,1,U,66,47,59,,,,,,,,,,,,NA,NA,Penobscot,
SNS-2008-006,SNS,1042796,Acoustic,Wild,"Carlin: 31497; Genetic ID: G-201; Photo ID: 08-014;",Sturgeon-PNR,"Penobscot River","2008-07-15 15:00:00","Penobscot River",514972,4946773,95,110,cm,8.0,kg,1,0,1,F,69,46,58,,,,,,,,,,,,NA,NA,Penobscot,
SNS-2008-007,SNS,1043691,Acoustic,Wild,"Carlin: 31494; FLOY: 53395; Genetic ID: G-198; Photo ID: 17-028;",Sturgeon-PNR,"Penobscot River","2008-07-15 15:00:00","Penobscot River",514972,4946773,98,116,cm,6.75,kg,1,0,1,U,67,46,56,,,,,,,,,,,,NA,NA,Penobscot,
SNS-2008-007,SNS,1043691,Acoustic,Wild,"Carlin: 31494; FLOY: 53395; Genetic ID: G-198; Photo ID: 17-028;",Sturgeon-PNR,"Penobscot River","2009-10-16 11:30:00","Penobscot River",516989,4958040,,,cm,5.75,kg,1,1,0,,,,,,,,,,,,,,,,NA,NA,Penobscot,
SNS-2008-007,SNS,1043691,Acoustic,Wild,"Carlin: 31494; FLOY: 53395; Genetic ID: G-198; Photo ID: 17-028;",Sturgeon-PNR,"Penobscot River","2010-10-11 11:52:00","Penobscot River",517235,4958383,93,112,cm,6.0,kg,1,1,0,TT,66,53,56,,,,,,,,,,,,NA,NA,Penobscot,
SNS-2008-007,SNS,1043691,Acoustic,Wild,"Carlin: 31494; FLOY: 53395; Genetic ID: G-198; Photo ID: 17-028;",Sturgeon-PNR,"Penobscot River","2011-10-07 13:00:00","Penobscot River",520289,4961971,95,113,cm,7.5,kg,1,1,0,EF,66,52,54,,,,,,,,,,,,NA,NA,Penobscot,
SNS-2008-007,SNS,1043691,Acoustic,Wild,"Carlin: 31494; FLOY: 53395; Genetic ID: G-198; Photo ID: 17-028;",Sturgeon-PNR,"Penobscot River","2017-07-14 00:00:00",Penobscot,514534,4947641,101,118,cm,7.5499999999999998,kg,1,1,0,U,71,51,63,,,,,,,,,,,,NA,NA,Penobscot,
SNS-2008-007,SNS,1268216,Acoustic,Wild,"Carlin: 31494; FLOY: 53395; Genetic ID: G-198; Photo ID: 17-028;",Sturgeon-PNR,"Penobscot River","2008-07-15 15:00:00","Penobscot River",514972,4946773,98,116,cm,6.75,kg,1,0,1,U,67,46,56,,,,,,,,,,,,NA,NA,Penobscot,
SNS-2008-007,SNS,1268216,Acoustic,Wild,"Carlin: 31494; FLOY: 53395; Genetic ID: G-198; Photo ID: 17-028;",Sturgeon-PNR,"Penobscot River","2009-10-16 11:30:00","Penobscot River",516989,4958040,,,cm,5.75,kg,1,1,0,,,,,,,,,,,,,,,,NA,NA,Penobscot,
SNS-2008-007,SNS,1268216,Acoustic,Wild,"Carlin: 31494; FLOY: 53395; Genetic ID: G-198; Photo ID: 17-028;",Sturgeon-PNR,"Penobscot River","2010-10-11 11:52:00","Penobscot River",517235,4958383,93,112,cm,6.0,kg,1,1,0,TT,66,53,56,,,,,,,,,,,,NA,NA,Penobscot,
SNS-2008-007,SNS,1268216,Acoustic,Wild,"Carlin: 31494; FLOY: 53395; Genetic ID: G-198; Photo ID: 17-028;",Sturgeon-PNR,"Penobscot River","2011-10-07 13:00:00","Penobscot River",520289,4961971,95,113,cm,7.5,kg,1,1,0,EF,66,52,54,,,,,,,,,,,,NA,NA,Penobscot,
SNS-2008-007,SNS,1268216,Acoustic,Wild,"Carlin: 31494; FLOY: 53395; Genetic ID: G-198; Photo ID: 17-028;",Sturgeon-PNR,"Penobscot River","2017-07-14 00:00:00",Penobscot,514534,4947641,101,118,cm,7.5499999999999998,kg,1,1,0,U,71,51,63,,,,,,,,,,,,NA,NA,Penobscot,
SNS-2008-008,SNS,1042786,Acoustic,Wild,"Carlin: 31499; Genetic ID: G-202; Photo ID: 08-015;",Sturgeon-PNR,"Penobscot River","2008-07-18 13:14:00","Penobscot River",514662,4947235,96,109,cm,7.0,kg,1,0,1,U,66,50,63,,,,,,,,,,,,NA,NA,Penobscot,
SNS-2008-009,SNS,1098594,Acoustic,Wild,"Carlin: 32983; Genetic ID: G-203; Photo ID: 10-205;",Sturgeon-PNR,"Penobscot River","2008-07-29 00:00:00","Penobscot River",514782,4947266,93,109,cm,8.5,kg,1,0,1,F,71,41,54,,,,,,,,,,,,NA,NA,Penobscot,
SNS-2008-009,SNS,1098594,Acoustic,Wild,"Carlin: 32983; Genetic ID: G-203; Photo ID: 10-205;",Sturgeon-PNR,"Penobscot River","2009-08-14 14:22:00","Penobscot River",514600,4955411,92,107,cm,70.0,kg,1,1,0,U,73,50,54,,,,,,,,,,,,NA,NA,Penobscot,
SNS-2008-009,SNS,1098594,Acoustic,Wild,"Carlin: 32983; Genetic ID: G-203; Photo ID: 10-205;",Sturgeon-PNR,"Penobscot River","2009-10-21 14:01:00","Penobscot River",517033,4958041,,,cm,6.5,kg,1,1,0,U,,,,,,,,,,,,,,,NA,NA,Penobscot,
SNS-2008-009,SNS,1098594,Acoustic,Wild,"Carlin: 32983; Genetic ID: G-203; Photo ID: 10-205;",Sturgeon-PNR,"Penobscot River","2010-10-11 11:52:00","Penobscot River",517235,4958383,98,104,cm,8.0,kg,1,1,0,F,73,44,54,,,,,,,,,,,,NA,NA,Penobscot,
SNS-2008-013,SNS,1042791,Acoustic,Wild,"Carlin: 32111; Genetic ID: G-215; Photo ID: 08-030;",Sturgeon-PNR,"Penobscot River","2008-08-08 17:54:00","Penobscot River",514660,4947181,73,83,cm,3.0,kg,1,0,1,U,51,39,49,,,,,,,,,,,,NA,NA,Penobscot,
SNS-2008-015,SNS,1043694,Acoustic,Wild,"Carlin: 32114; Genetic ID: G-217; Photo ID: 08-032;",Sturgeon-PNR,"Penobscot River","2008-08-11 09:22:00","Penobscot River",516848,4957891,79,93,cm,4.0,kg,1,0,1,U,62,41,50,,,,,,,,,,,,NA,NA,Penobscot,
SNS-2008-016,SNS,1043696,Acoustic,Wild,"Carlin: 32115; FLOY: 101109; Genetic ID: G-218; Photo ID: 12-156;",Sturgeon-PNR,"Penobscot River","2008-08-11 09:22:00","Penobscot River",516848,4957891,79,93,cm,4.25,kg,1,0,1,U,57,41,49,,,,,,,,,,,,NA,NA,Penobscot,
SNS-2008-016,SNS,1043696,Acoustic,Wild,"Carlin: 32115; FLOY: 101109; Genetic ID: G-218; Photo ID: 12-156;",Sturgeon-PNR,"Penobscot River","2008-10-17 13:45:00","Penobscot River",515033,4958103,,,cm,,kg,1,1,0,,,,,,,,,,,,,,,,NA,NA,Penobscot,
SNS-2008-016,SNS,1043696,Acoustic,Wild,"Carlin: 32115; FLOY: 101109; Genetic ID: G-218; Photo ID: 12-156;",Sturgeon-PNR,"Penobscot River","2009-10-21 14:01:00","Penobscot River",517033,4958041,80,93,cm,3.75,kg,1,1,0,,,,,,,,,,,,,,,,NA,NA,Penobscot,
SNS-2008-016,SNS,1043696,Acoustic,Wild,"Carlin: 32115; FLOY: 101109; Genetic ID: G-218; Photo ID: 12-156;",Sturgeon-PNR,"Penobscot River","2010-09-10 12:55:00","Penobscot River",517235,4958283,82,96,cm,4.5,kg,1,1,0,U,57,44,47,,,,,,,,,,,,NA,NA,Penobscot,
SNS-2008-016,SNS,1043696,Acoustic,Wild,"Carlin: 32115; FLOY: 101109; Genetic ID: G-218; Photo ID: 12-156;",Sturgeon-PNR,"Penobscot River","2012-10-05 00:00:00","Penobscot River",517237,4958320,82,98,cm,4.1500000000000004,kg,1,1,0,U,58,41,,,,,,,,,,,,,NA,NA,Penobscot,
SNS-2008-024,SNS,1043693,Acoustic,Wild,"Carlin: 32122; Genetic ID: G-225; Photo ID: 08-040;",Sturgeon-PNR,"Penobscot River","2008-08-13 09:25:00","Penobscot River",516829,4957870,90,105,cm,8.0,kg,1,0,1,F,67,46,54,,,,,,,,,,,,NA,NA,Penobscot,
SNS-2008-038,SNS,1098597,Acoustic,Wild,"Carlin: 32987; Genetic ID: G-238; Photo ID: 10-198;",Sturgeon-PNR,"Penobscot River","2008-08-14 08:46:00","Penobscot River",517057,4950862,88,105,cm,6.5,kg,1,0,1,U,65,45,58,,,,,,,,,,,,NA,NA,Penobscot,
SNS-2008-038,SNS,1098597,Acoustic,Wild,"Carlin: 32987; Genetic ID: G-238; Photo ID: 10-198;",Sturgeon-PNR,"Penobscot River","2008-10-27 11:13:00","Penobscot River",516967,4958040,86,102,cm,6.0,kg,1,1,0,EF,66,49,58,,,,,,,,,,,,NA,NA,Penobscot,
SNS-2008-038,SNS,1098597,Acoustic,Wild,"Carlin: 32987; Genetic ID: G-238; Photo ID: 10-198;",Sturgeon-PNR,"Penobscot River","2010-10-11 11:52:00","Penobscot River",517235,4958383,88,105,cm,7.0,kg,1,1,0,LF,67,45,,,,,,,,,,,,,NA,NA,Penobscot,
SNS-2008-048,SNS,1098591,Acoustic,Wild,"Carlin: 32133; Genetic ID: G-236; Photo ID: 08-053;",Sturgeon-PNR,"Penobscot River","2008-08-14 09:28:00","Penobscot River",516830,4957887,89,106,cm,7.0,kg,1,0,1,F,61,41,54,,,,,,,,,,,,NA,NA,Penobscot,
SNS-2008-048,SNS,1098591,Acoustic,Wild,"Carlin: 32133; Genetic ID: G-236; Photo ID: 08-053;",Sturgeon-PNR,"Penobscot River","2010-10-11 11:52:00","Penobscot River",517235,4958383,98,110,cm,7.5,kg,1,1,0,F,71,53,60,,,,,,,,,,,,NA,NA,Penobscot,
SNS-2008-061,SNS,1043690,Acoustic,Wild,"Carlin: 32164; Genetic ID: G-267; Photo ID: 09-064;",Sturgeon-PNR,"Penobscot River","2008-08-25 16:00:00","Penobscot River",516916,4957948,90,104,cm,7.0,kg,1,0,1,F,60,41,54,,,,,,,,,,,,NA,NA,Penobscot,
SNS-2008-073,SNS,1098606,Acoustic,Wild,"Carlin: 32180; FLOY: 101183; Genetic ID: G-283; Photo ID: 12-166;",Sturgeon-PNR,"Penobscot River","2008-10-10 08:20:00","Penobscot River",517011,4958071,81,94,cm,4.0,kg,1,0,1,U,57,43,53,,,,,,,,,,,,NA,NA,Penobscot,
SNS-2008-073,SNS,1098606,Acoustic,Wild,"Carlin: 32180; FLOY: 101183; Genetic ID: G-283; Photo ID: 12-166;",Sturgeon-PNR,"Penobscot River","2010-10-11 12:49:00","Penobscot River",517129,4958267,89,106,cm,5.0,kg,1,1,0,,63,51,55,,,,,,,,,,,,NA,NA,Penobscot,
SNS-2008-073,SNS,1098606,Acoustic,Wild,"Carlin: 32180; FLOY: 101183; Genetic ID: G-283; Photo ID: 12-166;",Sturgeon-PNR,"Penobscot River","2012-10-05 00:00:00","Penobscot River",517237,4958320,92,109,cm,6.0499999999999998,kg,1,1,0,TT,65,51,58,,,,,,,,,,,,NA,NA,Penobscot,
SNS-2008-077,SNS,1098595,Acoustic,Wild,"Carlin: 32182; Genetic ID: G-285; Photo ID: 08-105;",Sturgeon-PNR,"Penobscot River","2008-10-10 08:55:00","Penobscot River",516792,4957731,76,88,cm,3.25,kg,1,0,1,U,56,39,48,,,,,,,,,,,,NA,NA,Penobscot,
SNS-2008-077,SNS,1098595,Acoustic,Wild,"Carlin: 32182; Genetic ID: G-285; Photo ID: 08-105;",Sturgeon-PNR,"Penobscot River","2009-08-11 13:25:00","Penobscot River",514688,4955319,78,90,cm,5.25,kg,1,1,0,LF,59,44,48,,,,,,,,,,,,NA,NA,Penobscot,
SNS-2008-077,SNS,1098595,Acoustic,Wild,"Carlin: 32182; Genetic ID: G-285; Photo ID: 08-105;",Sturgeon-PNR,"Penobscot River","2010-10-11 08:52:00","Penobscot River",517223,4958324,79,92,cm,4.5,kg,1,1,0,U,58,42,49,,,,,,,,,,,,NA,NA,Penobscot,
SNS-2008-079,SNS,1098590,Acoustic,Wild,"Carlin: 32178; FLOY: 101088; Genetic ID: G-281; Photo ID: 11-077;",Sturgeon-PNR,"Penobscot River","2008-10-10 08:55:00","Penobscot River",516792,4957731,80,92,cm,4.0,kg,1,0,1,U,57,44,49,,,,,,,,,,,,NA,NA,Penobscot,
SNS-2008-079,SNS,1098590,Acoustic,Wild,"Carlin: 32178; FLOY: 101088; Genetic ID: G-281; Photo ID: 11-077;",Sturgeon-PNR,"Penobscot River","2010-10-11 11:52:00","Penobscot River",517235,4958383,81,94,cm,5.5,kg,1,1,0,LF,58,44,55,,,,,,,,,,,,NA,NA,Penobscot,
SNS-2008-093,SNS,1268224,Acoustic,Wild,"Carlin: 32197; FLOY: 53129; Genetic ID: G-298; Photo ID: 17-070;",Sturgeon-PNR,"Penobscot River","2008-10-12 10:24:00","Penobscot River",516771,4957361,67,78,cm,2.5,kg,1,0,1,TT,50,39,46,,,,,,,,,,,,NA,NA,Penobscot,
SNS-2008-093,SNS,1268224,Acoustic,Wild,"Carlin: 32197; FLOY: 53129; Genetic ID: G-298; Photo ID: 17-070;",Sturgeon-PNR,"Penobscot River","2016-11-23 00:00:00","Penobscot River",522534,4963098,79,92,cm,4.0,kg,1,1,0,TT,,,,,,,,,,,,,,,NA,NA,Penobscot,
SNS-2008-093,SNS,1268224,Acoustic,Wild,"Carlin: 32197; FLOY: 53129; Genetic ID: G-298; Photo ID: 17-070;",Sturgeon-PNR,"Penobscot River","2017-09-13 00:00:00",Penobscot,512931,4949940,85,98,cm,5.4000000000000004,kg,1,1,0,,61,49,58,,,,,,,,,,,,NA,NA,Penobscot,
SNS-2008-093,SNS,1268224,Acoustic,Wild,"Carlin: 32197; FLOY: 53129; Genetic ID: G-298; Photo ID: 17-070;",Sturgeon-PNR,"Penobscot River","2018-08-16 00:00:00",Penobscot,513241,4951878,86,101,cm,6.5,kg,1,1,0,,61,49,56,,,,,,,,,,,,NA,NA,Penobscot,
SNS-2009-001,SNS,1060108,Acoustic,Wild,"Carlin: 32250; Genetic ID: G-363; Photo ID: 09-020;",Sturgeon-PNR,"Penobscot River","2009-08-03 10:05:00","Penobscot River",514906,4946464,70,82,cm,2.75,kg,1,0,1,TT,47,31,71,,,,,,,,,,,,NA,NA,Penobscot,
SNS-2009-013,SNS,1147447,Acoustic,Wild,"Carlin: 32269; FLOY: 101193; Genetic ID: G-392; Photo ID: 12-149;",Sturgeon-PNR,"Penobscot River","2009-08-11 13:25:00","Penobscot River",514688,4955319,81,93,cm,5.75,kg,1,0,1,LF,68,48,53,,,,,,,,,,,,NA,NA,Penobscot,
SNS-2009-013,SNS,1147447,Acoustic,Wild,"Carlin: 32269; FLOY: 101193; Genetic ID: G-392; Photo ID: 12-149;",Sturgeon-PNR,"Penobscot River","2010-08-27 10:10:00","Penobscot River",517193,4958240,82,93,cm,5.0,kg,1,1,0,EF,57,46,58,,,,,,,,,,,,NA,NA,Penobscot,
SNS-2009-013,SNS,1147447,Acoustic,Wild,"Carlin: 32269; FLOY: 101193; Genetic ID: G-392; Photo ID: 12-149;",Sturgeon-PNR,"Penobscot River","2012-10-05 00:00:00","Penobscot River",517237,4958320,85,95,cm,5.3499999999999996,kg,1,1,0,,59,48,58,,,,,,,,,,,,NA,NA,Penobscot,
SNS-2009-013,SNS,1147447,Acoustic,Wild,"Carlin: 32269; FLOY: 101193; Genetic ID: G-392; Photo ID: 12-149;",Sturgeon-PNR,"Penobscot River","2013-07-18 00:00:00","Penobscot River",514572,4947975,86,96,cm,7.0,kg,1,1,0,U,60,48,62,,,,,,,,,,,,NA,NA,Penobscot,
SNS-2009-042,SNS,1068449,Acoustic,Wild,"Carlin: 32295; FLOY: 53383; Genetic ID: G-417; Photo ID: 17-016;",Sturgeon-PNR,"Penobscot River","2009-08-28 14:58:00","Penobscot River",517143,4958041,84,102,cm,5.0,kg,1,0,1,U,59,41,53,,,,,,,,,,,,NA,NA,Penobscot,
SNS-2009-042,SNS,1068449,Acoustic,Wild,"Carlin: 32295; FLOY: 53383; Genetic ID: G-417; Photo ID: 17-016;",Sturgeon-PNR,"Penobscot River","2009-09-22 15:37:00","Penobscot River",517252,4958288,,,cm,,kg,1,1,0,,,,,,,,,,,,,,,,NA,NA,Penobscot,
SNS-2009-042,SNS,1068449,Acoustic,Wild,"Carlin: 32295; FLOY: 53383; Genetic ID: G-417; Photo ID: 17-016;",Sturgeon-PNR,"Penobscot River","2011-10-07 13:00:00","Penobscot River",520289,4961971,92,112,cm,7.0,kg,1,1,0,U,66,51,54,,,,,,,,,,,,NA,NA,Penobscot,
SNS-2009-042,SNS,1068449,Acoustic,Wild,"Carlin: 32295; FLOY: 53383; Genetic ID: G-417; Photo ID: 17-016;",Sturgeon-PNR,"Penobscot River","2017-06-29 00:00:00",Penobscot,513661,4954687,98,118,cm,7.2999999999999998,kg,1,1,0,U,69,48,59,,,,,,,,,,,,NA,NA,Penobscot,
SNS-2009-044,SNS,1060109,Acoustic,Wild,"Carlin: 32298; Genetic ID: G-420; Photo ID: 09-091;",Sturgeon-PNR,"Penobscot River","2009-09-14 16:22:00","Penobscot River",516968,4957948,89,104,cm,6.5,kg,1,0,1,EF,60,45,55,,,,,,,,,,,,NA,NA,Penobscot,
SNS-2009-053,SNS,1194444,Acoustic,Wild,"Carlin: 32300; FLOY: 102305; Genetic ID: G-422; Photo ID: 14-030;",Sturgeon-PNR,"Penobscot River","2009-09-21 14:30:00","Penobscot River",517099,4958102,83,92,cm,5.5,kg,1,0,1,EF,59,45,53,,,,,,,,,,,,NA,NA,Penobscot,
SNS-2009-053,SNS,1194444,Acoustic,Wild,"Carlin: 32300; FLOY: 102305; Genetic ID: G-422; Photo ID: 14-030;",Sturgeon-PNR,"Penobscot River","2010-10-11 12:49:00","Penobscot River",517129,4958267,83,95,cm,5.0,kg,1,1,0,,60,47,52,,,,,,,,,,,,NA,NA,Penobscot,
SNS-2009-053,SNS,1194444,Acoustic,Wild,"Carlin: 32300; FLOY: 102305; Genetic ID: G-422; Photo ID: 14-030;",Sturgeon-PNR,"Penobscot River","2014-10-03 00:00:00","Penobscot River",517560,4958320,83,93,cm,4.75,kg,1,1,0,,61,49,55,,,,,,,,,,,,NA,NA,Penobscot,
SNS-2009-057,SNS,1060110,Acoustic,Wild,"Carlin: 32307; Genetic ID: G-429; Photo ID: 09-120;",Sturgeon-PNR,"Penobscot River","2009-09-21 14:30:00","Penobscot River",517099,4958102,90,105,cm,7.0,kg,1,0,1,LF,63,45,58,,,,,,,,,,,,NA,NA,Penobscot,
SNS-2009-059,SNS,1194449,Acoustic,Wild,"Carlin: 32315; FLOY: 102304; Genetic ID: G-437; Photo ID: 14-083;",Sturgeon-PNR,"Penobscot River","2009-09-22 15:37:00","Penobscot River",517252,4958288,77,89,cm,2.75,kg,1,0,1,U,52,43,53,,,,,,,,,,,,NA,NA,Penobscot,
SNS-2009-059,SNS,1194449,Acoustic,Wild,"Carlin: 32315; FLOY: 102304; Genetic ID: G-437; Photo ID: 14-083;",Sturgeon-PNR,"Penobscot River","2014-09-17 00:00:00","Penobscot River",517516,4958227,95,109,cm,8.4000000000000004,kg,1,1,0,LF,65,59,64,,,,,,,,,,,,NA,NA,Penobscot,
SNS-2009-060,SNS,1043686,Acoustic,Wild,"Carlin: 32313; Genetic ID: G-435; Photo ID: 09-151;",Sturgeon-PNR,"Penobscot River","2009-09-22 15:37:00","Penobscot River",517252,4958288,79,92,cm,3.75,kg,1,0,1,U,59,41,55,,,,,,,,,,,,NA,NA,Penobscot,
SNS-2009-060,SNS,1043686,Acoustic,Wild,"Carlin: 32313; Genetic ID: G-435; Photo ID: 09-151;",Sturgeon-PNR,"Penobscot River","2009-10-16 11:30:00","Penobscot River",516989,4958040,,,cm,3.75,kg,1,1,0,,,,,,,,,,,,,,,,NA,NA,Penobscot,
SNS-2009-072,SNS,1147464,Acoustic,Wild,"Carlin: 32320; FLOY: 101115; Genetic ID: G-441; Photo ID: 12-153;",Sturgeon-PNR,"Penobscot River","2009-09-23 12:04:00","Penobscot River",516968,4957979,,,cm,,kg,1,0,1,,,,,,,,,,,,,,,,NA,NA,Penobscot,
SNS-2009-072,SNS,1147464,Acoustic,Wild,"Carlin: 32320; FLOY: 101115; Genetic ID: G-441; Photo ID: 12-153;",Sturgeon-PNR,"Penobscot River","2012-10-05 00:00:00","Penobscot River",517237,4958320,92,107,cm,6.1500000000000004,kg,1,1,0,EF,65,45,54,,,,,,,,,,,,NA,NA,Penobscot,
SNS-2009-074,SNS,1098602,Acoustic,Wild,"Carlin: 32991; FLOY: 101171; Genetic ID: G-443; Photo ID: 12-057;",Sturgeon-PNR,"Penobscot River","2009-09-23 12:04:00","Penobscot River",516968,4957979,,,cm,,kg,1,0,1,,,,,,,,,,,,,,,,NA,NA,Penobscot,
SNS-2009-074,SNS,1098602,Acoustic,Wild,"Carlin: 32991; FLOY: 101171; Genetic ID: G-443; Photo ID: 12-057;",Sturgeon-PNR,"Penobscot River","2010-10-11 11:52:00","Penobscot River",517235,4958383,83,98,cm,4.5,kg,1,1,0,TT,51,49,51,,,,,,,,,,,,NA,NA,Penobscot,
SNS-2009-074,SNS,1098602,Acoustic,Wild,"Carlin: 32991; FLOY: 101171; Genetic ID: G-443; Photo ID: 12-057;",Sturgeon-PNR,"Penobscot River","2011-09-14 12:40:00","Penobscot River",516992,4957982,85,99,cm,5.0,kg,1,1,0,TT,50,48,50,,,,,,,,,,,,NA,NA,Penobscot,
SNS-2009-074,SNS,1098602,Acoustic,Wild,"Carlin: 32991; FLOY: 101171; Genetic ID: G-443; Photo ID: 12-057;",Sturgeon-PNR,"Penobscot River","2012-09-07 00:00:00","Penobscot River",517043,4957965,86,101,cm,5.2999999999999998,kg,1,1,0,TT,51,45,55,,,,,,,,,,,,NA,NA,Penobscot,
SNS-2009-075,SNS,1147458,Acoustic,Wild,"Carlin: 32321; FLOY: 101186; Genetic ID: G-445; Photo ID: 12-162;",Sturgeon-PNR,"Penobscot River","2009-09-23 12:04:00","Penobscot River",516968,4957979,,,cm,,kg,1,0,1,,,,,,,,,,,,,,,,NA,NA,Penobscot,
SNS-2009-075,SNS,1147458,Acoustic,Wild,"Carlin: 32321; FLOY: 101186; Genetic ID: G-445; Photo ID: 12-162;",Sturgeon-PNR,"Penobscot River","2012-10-05 00:00:00","Penobscot River",517237,4958320,86,104,cm,6.0999999999999996,kg,1,1,0,LF,58,47,56,,,,,,,,,,,,NA,NA,Penobscot,
SNS-2009-084,SNS,1221722,Acoustic,Wild,"Carlin: 32333; FLOY: 102366; Genetic ID: G-457; Photo ID: 15-166;",Sturgeon-PNR,"Penobscot River","2009-09-23 12:04:00","Penobscot River",516968,4957979,,,cm,,kg,1,0,1,,,,,,,,,,,,,,,,NA,NA,Penobscot,
SNS-2009-084,SNS,1221722,Acoustic,Wild,"Carlin: 32333; FLOY: 102366; Genetic ID: G-457; Photo ID: 15-166;",Sturgeon-PNR,"Penobscot River","2015-10-09 00:00:00","Penobscot River",520289,4961984,89,104,cm,7.0,kg,1,1,0,LF,66,54,61,,,,,,,,,,,,NA,NA,Penobscot,
SNS-2009-096,SNS,1098685,Acoustic,Wild,"Carlin: 33006; FLOY: 100926; Genetic ID: G-474; Photo ID: 13-112;",Sturgeon-PNR,"Penobscot River","2009-10-16 11:30:00","Penobscot River",516989,4958040,,,cm,2.25,kg,1,0,1,,,,,,,,,,,,,,,,NA,NA,Penobscot,
SNS-2009-096,SNS,1098685,Acoustic,Wild,"Carlin: 33006; FLOY: 100926; Genetic ID: G-474; Photo ID: 13-112;",Sturgeon-PNR,"Penobscot River","2010-09-10 10:38:00","Penobscot River",517127,4958036,69,78,cm,3.0,kg,1,1,0,U,50,45,48,,,,,,,,,,,,NA,NA,Penobscot,
SNS-2009-096,SNS,1098685,Acoustic,Wild,"Carlin: 33006; FLOY: 100926; Genetic ID: G-474; Photo ID: 13-112;",Sturgeon-PNR,"Penobscot River","2011-09-16 12:31:00","Penobscot River",516939,4957936,71,81,cm,4.0,kg,1,1,0,EF,52,46,49,,,,,,,,,,,,NA,NA,Penobscot,
SNS-2009-096,SNS,1098685,Acoustic,Wild,"Carlin: 33006; FLOY: 100926; Genetic ID: G-474; Photo ID: 13-112;",Sturgeon-PNR,"Penobscot River","2013-09-24 00:00:00","Penobscot River",517143,4958195,72,81,cm,3.1000000000000001,kg,1,1,0,U,52,44,52,,,,,,,,,,,,NA,NA,Penobscot,
SNS-2009-103,SNS,1063717,Acoustic,Wild,"Carlin: 32354; FLOY: 102342; Genetic ID: G-481; Photo ID: 13-022;",Sturgeon-PNR,"Penobscot River","2009-10-16 11:30:00","Penobscot River",516989,4958040,,,cm,2.75,kg,1,0,1,,,,,,,,,,,,,,,,NA,NA,Penobscot,
SNS-2009-103,SNS,1063717,Acoustic,Wild,"Carlin: 32354; FLOY: 102342; Genetic ID: G-481; Photo ID: 13-022;",Sturgeon-PNR,"Penobscot River","2010-08-17 09:22:00","Penobscot River",515233,4956120,77,89,cm,3.5,kg,1,1,0,EF,56,48,53,,,,,,,,,,,,NA,NA,Penobscot,
SNS-2009-103,SNS,1063717,Acoustic,Wild,"Carlin: 32354; FLOY: 102342; Genetic ID: G-481; Photo ID: 13-022;",Sturgeon-PNR,"Penobscot River","2010-10-11 11:52:00","Penobscot River",517235,4958383,76,88,cm,3.0,kg,1,1,0,U,55,43,53,,,,,,,,,,,,NA,NA,Penobscot,
SNS-2009-103,SNS,1063717,Acoustic,Wild,"Carlin: 32354; FLOY: 102342; Genetic ID: G-481; Photo ID: 13-022;",Sturgeon-PNR,"Penobscot River","2011-10-07 13:00:00","Penobscot River",520289,4961971,80,92,cm,4.0,kg,1,1,0,EF,57,48,55,,,,,,,,,,,,NA,NA,Penobscot,
SNS-2009-103,SNS,1063717,Acoustic,Wild,"Carlin: 32354; FLOY: 102342; Genetic ID: G-481; Photo ID: 13-022;",Sturgeon-PNR,"Penobscot River","2013-06-28 00:00:00","Penobscot River",514707,4947112,82,95,cm,,kg,1,1,0,EF,58,44,58,,,,,,,,,,,,NA,NA,Penobscot,
SNS-2009-103,SNS,1063717,Acoustic,Wild,"Carlin: 32354; FLOY: 102342; Genetic ID: G-481; Photo ID: 13-022;",Sturgeon-PNR,"Penobscot River","2016-11-30 00:00:00","Penobscot River",522391,4963114,87,97,cm,5.3499999999999996,kg,1,1,0,LF,,,,,,,,,,,,,,,NA,NA,Penobscot,
SNS-2009-103,SNS,1063717,Acoustic,Wild,"Carlin: 32354; FLOY: 102342; Genetic ID: G-481; Photo ID: 13-022;",Sturgeon-PNR,"Penobscot River","2018-11-08 00:00:00",Penobscot,516781,4957731,87,98,cm,4.4500000000000002,kg,1,1,0,,61,43,56,,,,,,,,,,,,NA,NA,Penobscot,
SNS-2009-116,SNS,1098603,Acoustic,Wild,"Carlin: 32985; FLOY: 102700; Genetic ID: G-494; Photo ID: 15-120;",Sturgeon-PNR,"Penobscot River","2009-10-16 11:30:00","Penobscot River",516989,4958040,,,cm,4.25,kg,1,0,1,,,,,,,,,,,,,,,,NA,NA,Penobscot,
SNS-2009-116,SNS,1098603,Acoustic,Wild,"Carlin: 32985; FLOY: 102700; Genetic ID: G-494; Photo ID: 15-120;",Sturgeon-PNR,"Penobscot River","2010-10-11 11:52:00","Penobscot River",517235,4958383,86,100,cm,5.5,kg,1,1,0,TT,63,41,53,,,,,,,,,,,,NA,NA,Penobscot,
SNS-2009-116,SNS,1098603,Acoustic,Wild,"Carlin: 32985; FLOY: 102700; Genetic ID: G-494; Photo ID: 15-120;",Sturgeon-PNR,"Penobscot River","2015-09-23 00:00:00","Penobscot River",517178,4958274,90,105,cm,5.9000000000000004,kg,1,1,0,EF,67,44,55,,,,,,,,,,,,NA,NA,Penobscot,
SNS-2009-130,SNS,1060114,Acoustic,Wild,"FLOY: 101087; Genetic ID: G-521; Photo ID: 11-069;",Sturgeon-PNR,"Penobscot River","2009-10-21 14:01:00","Penobscot River",517033,4958041,73,84,cm,2.75,kg,1,0,1,U,,,,,,,,,,,,,,,NA,NA,Penobscot,
SNS-2009-130,SNS,1060114,Acoustic,Wild,"FLOY: 101087; Genetic ID: G-521; Photo ID: 11-069;",Sturgeon-PNR,"Penobscot River","2011-08-19 12:09:00","Penobscot River",517203,4958230,79,93,cm,4.0,kg,1,1,0,TT,57,43,47,,,,,,,,,,,,NA,NA,Penobscot,
SNS-2009-134,SNS,1194443,Acoustic,Wild,"FLOY: 102729; Genetic ID: G-524; Photo ID: 15-022;",Sturgeon-PNR,"Penobscot River","2009-10-21 14:01:00","Penobscot River",517033,4958041,,,cm,4.0,kg,1,0,1,,,,,,,,,,,,,,,,NA,NA,Penobscot,
SNS-2009-134,SNS,1194443,Acoustic,Wild,"FLOY: 102729; Genetic ID: G-524; Photo ID: 15-022;",Sturgeon-PNR,"Penobscot River","2015-07-09 00:00:00","Penobscot River",514972,49467723,87,98,cm,7.1500000000000004,kg,1,1,0,EF,64,50,55,,,,,,,,,,,,NA,NA,Penobscot,
SNS-2009-143,SNS,1060113,Acoustic,Wild,"Genetic ID: G-516;",Sturgeon-PNR,"Penobscot River","2009-10-21 14:25:00","Penobscot River",517012,4957948,79,91,cm,4.0,kg,1,0,1,U,,,,,,,,,,,,,,,NA,NA,Penobscot,
SNS-2009-144,SNS,1060111,Acoustic,Wild,"FLOY: 101283; Genetic ID: G-509; Photo ID: 11-165;",Sturgeon-PNR,"Penobscot River","2009-10-21 14:25:00","Penobscot River",517012,4957948,102,120,cm,11.0,kg,1,0,1,EF,,,,,,,,,,,,,,,NA,NA,Penobscot,
SNS-2009-144,SNS,1060111,Acoustic,Wild,"FLOY: 101283; Genetic ID: G-509; Photo ID: 11-165;",Sturgeon-PNR,"Penobscot River","2011-10-21 11:25:00","Penobscot River",516871,4957821,103,123,cm,10.5,kg,1,1,0,EF,77,54,65,,,,,,,,,,,,NA,NA,Penobscot,
SNS-2010-004,SNS,1098593,Acoustic,Wild,"Carlin: 32349; Genetic ID: G-539; Photo ID: 10-206;",Sturgeon-PNR,"Penobscot River","2010-07-07 13:37:00","Penobscot River",514735,4947046,92,104,cm,6.5,kg,1,0,1,U,67,51,58,,,,,,,,,,,,NA,NA,Penobscot,
SNS-2010-004,SNS,1098593,Acoustic,Wild,"Carlin: 32349; Genetic ID: G-539; Photo ID: 10-206;",Sturgeon-PNR,"Penobscot River","2010-10-11 11:52:00","Penobscot River",517235,4958383,90,103,cm,5.0,kg,1,1,0,U,69,51,57,,,,,,,,,,,,NA,NA,Penobscot,
SNS-2010-009,SNS,1063718,Acoustic,Wild,"Carlin: 32355; Genetic ID: G-562; Photo ID: 10-111;",Sturgeon-PNR,"Penobscot River","2010-08-17 12:00:00","Penobscot River",515715,4956451,74,85,cm,3.75,kg,1,0,1,TT,54,37,46,,,,,,,,,,,,NA,NA,Penobscot,
SNS-2010-009,SNS,1063718,Acoustic,Wild,"Carlin: 32355; Genetic ID: G-562; Photo ID: 10-111;",Sturgeon-PNR,"Penobscot River","2010-09-10 12:55:00","Penobscot River",517235,4958283,72,85,cm,3.0,kg,1,1,0,TT,53,39,43,,,,,,,,,,,,NA,NA,Penobscot,
SNS-2010-014,SNS,1097673,Acoustic,Wild,"Carlin: 32360; Genetic ID: G-567; Photo ID: 10-043;",Sturgeon-PNR,"Penobscot River","2010-08-19 14:06:00","Penobscot River",515529,4956314,76,88,cm,3.5,kg,1,0,1,TT,56,50,53,,,,,,,,,,,,NA,NA,Penobscot,
SNS-2010-015,SNS,1098679,Acoustic,Wild,"Carlin: 32361; Genetic ID: G-568; Photo ID: 10-044;",Sturgeon-PNR,"Penobscot River","2010-08-23 11:07:00","Penobscot River",517051,4957998,70,85,cm,3.0,kg,1,0,1,TT,54,41,46,,,,,,,,,,,,NA,NA,Penobscot,
SNS-2010-050,SNS,1194448,Acoustic,Wild,"Carlin: 32381; FLOY: 102316; Genetic ID: G-587; Photo ID: 14-027;",Sturgeon-PNR,"Penobscot River","2010-08-27 10:31:00","Penobscot River",517307,4958394,83,95,cm,5.0,kg,1,0,1,U,61,47,56,,,,,,,,,,,,NA,NA,Penobscot,
SNS-2010-050,SNS,1194448,Acoustic,Wild,"Carlin: 32381; FLOY: 102316; Genetic ID: G-587; Photo ID: 14-027;",Sturgeon-PNR,"Penobscot River","2014-10-03 00:00:00","Penobscot River",517384,4958443,87,102,cm,5.8499999999999996,kg,1,1,0,LF,65,53,59,,,,,,,,,,,,NA,NA,Penobscot,
SNS-2010-052,SNS,1098680,Acoustic,Wild,"Carlin: 33000; FLOY: 100918; Genetic ID: G-607; Photo ID: 10-096;",Sturgeon-PNR,"Penobscot River","2010-09-01 09:42:00","Penobscot River",517048,4957968,86,99,cm,5.5,kg,1,0,1,TT,65,48,55,,,,,,,,,,,,NA,NA,Penobscot,
SNS-2010-052,SNS,1098680,Acoustic,Wild,"Carlin: 33000; FLOY: 100918; Genetic ID: G-607; Photo ID: 10-096;",Sturgeon-PNR,"Penobscot River","2013-09-24 00:00:00","Penobscot River",517143,4958195,90,105,cm,6.4500000000000002,kg,1,1,0,.,70,53,57,,,,,,,,,,,,NA,NA,Penobscot,
SNS-2010-054,SNS,1098682,Acoustic,Wild,"Carlin: 33002; Genetic ID: G-611; Photo ID: 10-101;",Sturgeon-PNR,"Penobscot River","2010-09-03 10:57:00","Penobscot River",516994,4957923,71,83,cm,3.5,kg,1,0,1,TT,58,45,46,,,,,,,,,,,,NA,NA,Penobscot,
SNS-2010-057,SNS,1098681,Acoustic,Wild,"Carlin: 33005; Genetic ID: G-617; Photo ID: 10-107;",Sturgeon-PNR,"Penobscot River","2010-09-06 10:36:00","Penobscot River",517209,4958216,74,87,cm,3.5,kg,1,0,1,U,57,45,50,,,,,,,,,,,,NA,NA,Penobscot,
SNS-2010-060,SNS,1098684,Acoustic,Wild,"Carlin: 33008; Genetic ID: G-620; Photo ID: 10-112;",Sturgeon-PNR,"Penobscot River","2010-09-10 12:55:00","Penobscot River",517235,4958283,81,95,cm,4.5,kg,1,0,1,TT,57,46,51,,,,,,,,,,,,NA,NA,Penobscot,
SNS-2010-088,SNS,1098607,Acoustic,Wild,"Carlin: 32986; Genetic ID: G-689; Photo ID: 10-200;",Sturgeon-PNR,"Penobscot River","2010-10-11 11:52:00","Penobscot River",517235,4958383,81,93,cm,5.5,kg,1,0,1,LF,58,36,49,,,,,,,,,,,,NA,NA,Penobscot,
SNS-2010-097,SNS,1098604,Acoustic,Wild,"Carlin: 32988; Genetic ID: G-688; Photo ID: 10-195;",Sturgeon-PNR,"Penobscot River","2010-10-11 11:52:00","Penobscot River",517235,4958383,87,100,cm,5.5,kg,1,0,1,U,68,43,50,,,,,,,,,,,,NA,NA,Penobscot,
SNS-2010-097,SNS,1098604,Acoustic,Wild,"Carlin: 32988; Genetic ID: G-688; Photo ID: 10-195;",Sturgeon-PNR,"Penobscot River","2011-10-07 13:00:00","Penobscot River",520289,4961971,90,102,cm,7.0,kg,1,1,0,TT,68,47,51,,,,,,,,,,,,NA,NA,Penobscot,
SNS-2010-101,SNS,1098599,Acoustic,Wild,"Carlin: 32994; Genetic ID: G-684; Photo ID: 10-186;",Sturgeon-PNR,"Penobscot River","2010-10-11 11:52:00","Penobscot River",517235,4958383,91,103,cm,6.5,kg,1,0,1,LF,63,52,53,,,,,,,,,,,,NA,NA,Penobscot,
SNS-2010-104,SNS,1098605,Acoustic,Wild,"Carlin: 32997; Genetic ID: G-681;",Sturgeon-PNR,"Penobscot River","2010-10-11 11:52:00","Penobscot River",517235,4958383,91,104,cm,8.0,kg,1,0,1,LF,71,52,56,,,,,,,,,,,,NA,NA,Penobscot,
SNS-2010-109,SNS,1098592,Acoustic,Wild,"Carlin: 32989; Genetic ID: G-687; Photo ID: 11-116;",Sturgeon-PNR,"Penobscot River","2010-10-11 11:52:00","Penobscot River",517235,4958383,92,109,cm,6.5,kg,1,0,1,LF,67,56,61,,,,,,,,,,,,NA,NA,Penobscot,
SNS-2010-109,SNS,1098592,Acoustic,Wild,"Carlin: 32989; Genetic ID: G-687; Photo ID: 11-116;",Sturgeon-PNR,"Penobscot River","2011-06-21 12:45:00","Penobscot River",514616,4947221,94,110,cm,7.0999999999999996,kg,1,1,0,U,68,50,60,,,,,,,,,,,,NA,NA,Penobscot,
SNS-2010-109,SNS,1098592,Acoustic,Wild,"Carlin: 32989; Genetic ID: G-687; Photo ID: 11-116;",Sturgeon-PNR,"Penobscot River","2011-09-14 12:40:00","Penobscot River",516992,4957982,94,111,cm,6.0,kg,1,1,0,,67,56,62,,,,,,,,,,,,NA,NA,Penobscot,
SNS-2010-111,SNS,1268222,Acoustic,Wild,"Carlin: 33037; FLOY: 53326; Genetic ID: G-655; Photo ID: 17-062;",Sturgeon-PNR,"Penobscot River","2010-10-11 12:49:00","Penobscot River",517129,4958267,70,79,cm,2.0,kg,1,0,1,,53,44,46,,,,,,,,,,,,NA,NA,Penobscot,
SNS-2010-111,SNS,1268222,Acoustic,Wild,"Carlin: 33037; FLOY: 53326; Genetic ID: G-655; Photo ID: 17-062;",Sturgeon-PNR,"Penobscot River","2017-09-12 00:00:00",Penobscot,513008,4949613,83,95,cm,5.5999999999999996,kg,1,1,0,,61,48,58,,,,,,,,,,,,NA,NA,Penobscot,
SNS-2010-118,SNS,1098596,Acoustic,Wild,"Carlin: 33046; Genetic ID: G-662; Photo ID: 10-170;",Sturgeon-PNR,"Penobscot River","2010-10-11 12:49:00","Penobscot River",517129,4958267,83,94,cm,5.5,kg,1,0,1,LF,61,43,53,,,,,,,,,,,,NA,NA,Penobscot,
SNS-2011-017,SNS,1268220,Acoustic,Wild,"FLOY: 53306; Genetic ID: G-733; Photo ID: 17-041;",Sturgeon-PNR,"Penobscot River","2011-08-18 11:22:00","Penobscot River",517337,4958407,72,84,cm,3.0,kg,1,0,1,TT,52,40,44,,,,,,,,,,,,NA,NA,Penobscot,
SNS-2011-017,SNS,1268220,Acoustic,Wild,"FLOY: 53306; Genetic ID: G-733; Photo ID: 17-041;",Sturgeon-PNR,"Penobscot River","2017-08-01 00:00:00",Penobscot,514486,4948140,87,102,cm,6.5,kg,1,1,0,EF,62,44,55,,,,,,,,,,,,NA,NA,Penobscot,
SNS-2011-022,SNS,1268221,Acoustic,Wild,"FLOY: 53325; Genetic ID: G-732; Photo ID: 17-107;",Sturgeon-PNR,"Penobscot River","2011-08-18 11:22:00","Penobscot River",517337,4958407,89,102,cm,7.0,kg,1,0,1,EF,68,54,65,,,,,,,,,,,,NA,NA,Penobscot,
SNS-2011-022,SNS,1268221,Acoustic,Wild,"FLOY: 53325; Genetic ID: G-732; Photo ID: 17-107;",Sturgeon-PNR,"Penobscot River","2017-09-12 00:00:00",Penobscot,512847,4949674,96,104,cm,9.0,kg,1,1,0,LF,73,55,69,,,,,,,,,,,,NA,NA,Penobscot,
SNS-2011-022,SNS,1268221,Acoustic,Wild,"FLOY: 53325; Genetic ID: G-732; Photo ID: 17-107;",Sturgeon-PNR,"Penobscot River","2017-10-09 00:00:00",Penobscot,514503,4948144,94,102,cm,8.6999999999999993,kg,1,1,0,U,74,58,68,,,,,,,,,,,,NA,NA,Penobscot,
SNS-2011-040,SNS,1221721,Acoustic,Wild,"FLOY: 102763; Genetic ID: G-744; Photo ID: 15-070;",Sturgeon-PNR,"Penobscot River","2011-08-19 12:09:00","Penobscot River",517203,4958230,95,108,cm,8.0,kg,1,0,1,EF,70,56,66,,,,,,,,,,,,NA,NA,Penobscot,
SNS-2011-040,SNS,1221721,Acoustic,Wild,"FLOY: 102763; Genetic ID: G-744; Photo ID: 15-070;",Sturgeon-PNR,"Penobscot River","2015-09-03 00:00:00","Penobscot River",517253,4958195,97,108,cm,10.0,kg,1,1,0,LF,73,59,68,,,,,,,,,,,,NA,NA,Penobscot,
SNS-2011-089,SNS,1147461,Acoustic,Wild,"FLOY: 101191; Genetic ID: G-789; Photo ID: 12-136;",Sturgeon-PNR,"Penobscot River","2011-09-16 12:31:00","Penobscot River",516939,4957936,81,95,cm,5.0,kg,1,0,1,TT,66,49,50,,,,,,,,,,,,NA,NA,Penobscot,
SNS-2011-089,SNS,1147461,Acoustic,Wild,"FLOY: 101191; Genetic ID: G-789; Photo ID: 12-136;",Sturgeon-PNR,"Penobscot River","2012-10-05 00:00:00","Penobscot River",517172,4958241,84,98,cm,5.5499999999999998,kg,1,1,0,LF,65,43,52,,,,,,,,,,,,NA,NA,Penobscot,
SNS-2011-089,SNS,1147461,Acoustic,Wild,"FLOY: 101191; Genetic ID: G-789; Photo ID: 12-136;",Sturgeon-PNR,"Penobscot River","2016-07-13 00:00:00","Penobscot River",514796,4946972,89,104,cm,7.2000000000000002,kg,1,1,0,EF,,,,,,,,,,,,,,,NA,NA,Penobscot,
SNS-2011-089,SNS,1147461,Acoustic,Wild,"FLOY: 101191; Genetic ID: G-789; Photo ID: 12-136;",Sturgeon-PNR,"Penobscot River","2019-11-26 00:00:00",Penobscot,516906,4957934,90,106,cm,5.9000000000000004,kg,1,1,0,EF,73,43,59,,,,,,,,,,,,NA,NA,Penobscot,
SNS-2012-070,SNS,1221727,Acoustic,Wild,"FLOY: 102793; Genetic ID: G-951; Photo ID: 15-104;",Sturgeon-PNR,"Penobscot River","2012-10-05 00:00:00","Penobscot River",517172,4958241,82,92,cm,3.6499999999999999,kg,1,0,1,U,57,46,57,,,,,,,,,,,,NA,NA,Penobscot,
SNS-2012-070,SNS,1221727,Acoustic,Wild,"FLOY: 102793; Genetic ID: G-951; Photo ID: 15-104;",Sturgeon-PNR,"Penobscot River","2015-09-16 00:00:00","Penobscot River",516750,4957176,89,101,cm,6.4500000000000002,kg,1,1,0,LF,64,49,60,,,,,,,,,,,,NA,NA,Penobscot,
SNS-2012-074,SNS,1147463,Acoustic,Wild,"FLOY: 100938; Genetic ID: G-1035; Photo ID: 13-087;",Sturgeon-PNR,"Penobscot River","2012-10-05 00:00:00","Penobscot River",517172,4958241,83,96,cm,5.5999999999999996,kg,1,0,1,LF,59,45,52,,,,,,,,,,,,NA,NA,Penobscot,
SNS-2012-074,SNS,1147463,Acoustic,Wild,"FLOY: 100938; Genetic ID: G-1035; Photo ID: 13-087;",Sturgeon-PNR,"Penobscot River","2013-09-10 00:00:00","Penobscot River",520230,4961938,83,94,cm,4.5999999999999996,kg,1,1,0,U,61,46,52,,,,,,,,,,,,NA,NA,Penobscot,
SNS-2012-077,SNS,1147455,Acoustic,Wild,"FLOY: 102744; Genetic ID: G-962; Photo ID: 17-091;",Sturgeon-PNR,"Penobscot River","2012-10-05 00:00:00","Penobscot River",517172,4958241,86,101,cm,5.9000000000000004,kg,1,0,1,LF,63,46,58,,,,,,,,,,,,NA,NA,Penobscot,
SNS-2012-077,SNS,1147455,Acoustic,Wild,"FLOY: 102744; Genetic ID: G-962; Photo ID: 17-091;",Sturgeon-PNR,"Penobscot River","2015-07-09 00:00:00","Penobscot River",514817,4946742,87,100,cm,7.0499999999999998,kg,1,1,0,U,67,51,60,,,,,,,,,,,,NA,NA,Penobscot,
SNS-2012-077,SNS,1147455,Acoustic,Wild,"FLOY: 102744; Genetic ID: G-962; Photo ID: 17-091;",Sturgeon-PNR,"Penobscot River","2017-09-19 00:00:00",Penobscot,514594,4948102,94,108,cm,8.0999999999999996,kg,1,1,0,U,67,50,63,,,,,,,,,,,,NA,NA,Penobscot,
SNS-2012-078,SNS,1147457,Acoustic,Wild,"FLOY: 101177; Genetic ID: G-963; Photo ID: 12-142;",Sturgeon-PNR,"Penobscot River","2012-10-05 00:00:00","Penobscot River",517172,4958241,89,103,cm,7.2999999999999998,kg,1,0,1,LF,62,50,62,,,,,,,,,,,,NA,NA,Penobscot,
SNS-2013-068,SNS,1147449,Acoustic,Wild,"FLOY: 100919; Genetic ID: G-1069; Photo ID: 13-124;",Sturgeon-PNR,"Penobscot River","2013-10-09 00:00:00","Penobscot River",521962,4962993,96,99,cm,7.5,kg,1,0,1,EF,70,54,62,,,,,,,,,,,,NA,NA,Penobscot,
SNS-2014-017,SNS,1147452,Acoustic,Wild,"FLOY: 100981; Genetic ID: G-1076; Photo ID: 14-007;",Sturgeon-PNR,"Penobscot River","2014-09-01 00:00:00","Penobscot River",,,98,111,cm,7.9500000000000002,kg,1,0,1,EF,74,53,68,,,,,,,,,,,,NA,NA,Penobscot,
SNS-2014-028,SNS,1194442,Acoustic,Wild,"FLOY: 102315; Genetic ID: G-1101; Photo ID: 14-084;",Sturgeon-PNR,"Penobscot River","2014-10-26 00:00:00","Penobscot River",520734,4962402,78,90,cm,4.9500000000000002,kg,1,0,1,F,63,50,59,,,,,,,,,,,,NA,NA,Penobscot,
SNS-2014-029,SNS,1194445,Acoustic,Wild,"FLOY: 102313; Genetic ID: G-1103; Photo ID: 14-086;",Sturgeon-PNR,"Penobscot River","2014-10-26 00:00:00","Penobscot River",520734,4962402,88,104,cm,5.6500000000000004,kg,1,0,1,LF,66,51,58,,,,,,,,,,,,NA,NA,Penobscot,
SNS-2015-019,SNS,1194446,Acoustic,Wild,"FLOY: 102728; Genetic ID: G-1127; Photo ID: 15-028;",Sturgeon-PNR,"Penobscot River","2015-07-09 00:00:00","Penobscot River",514817,4946742,86,100,cm,6.9000000000000004,kg,1,0,1,EF,65,50,60,,,,,,,,,,,,NA,NA,Penobscot,
SNS-2015-019,SNS,1194446,Acoustic,Wild,"FLOY: 102728; Genetic ID: G-1127; Photo ID: 15-028;",Sturgeon-PNR,"Penobscot River","2016-11-23 00:00:00","Penobscot River",522534,4963098,90,104,cm,6.0499999999999998,kg,1,1,0,U,,,,,,,,,,,,,,,NA,NA,Penobscot,
SNS-2015-021,SNS,1147448,Acoustic,Wild,"FLOY: 102730; Genetic ID: G-1129; Photo ID: 15-031;",Sturgeon-PNR,"Penobscot River","2015-07-16 00:00:00","Penobscot River",512896,4949977,92,102,cm,7.7000000000000002,kg,1,0,1,EF,79,53,66,,,,,,,,,,,,NA,NA,Penobscot,
SNS-2015-025,SNS,1194447,Acoustic,Wild,"FLOY: 102779; Genetic ID: G-1133; Photo ID: 15-039;",Sturgeon-PNR,"Penobscot River","2015-07-21 00:00:00","Penobscot River",514862,4946711,79,91,cm,5.8499999999999996,kg,1,0,1,EF,60,48,54,,,,,,,,,,,,NA,NA,Penobscot,
SNS-2015-026,SNS,1194440,Acoustic,Wild,"FLOY: 102704; Genetic ID: G-1134; Photo ID: 15-040;",Sturgeon-PNR,"Penobscot River","2015-07-21 00:00:00","Penobscot River",514862,4946711,88,99,cm,5.9000000000000004,kg,1,0,1,EF,59,53,59,,,,,,,,,,,,NA,NA,Penobscot,
SNS-2015-031,SNS,1194441,Acoustic,Wild,"FLOY: 102701; Genetic ID: G-1140; Photo ID: 15-220;",Sturgeon-PNR,"Penobscot River","2015-08-06 00:00:00","Penobscot River",514772,4947297,93,106,cm,7.5,kg,1,0,1,EF,69,56,59,,,,,,,,,,,,NA,NA,Penobscot,
SNS-2015-031,SNS,1194441,Acoustic,Wild,"FLOY: 102701; Genetic ID: G-1140; Photo ID: 15-220;",Sturgeon-PNR,"Penobscot River","2015-10-16 00:00:00","Penobscot River",520289,4961984,91,104,cm,6.7000000000000002,kg,1,1,0,EF,69,50,59,,,,,,,,,,,,NA,NA,Penobscot,
SNS-2015-034,SNS,1221724,Acoustic,Wild,"FLOY: 102380; Genetic ID: G-1144; Photo ID: 15-053;",Sturgeon-PNR,"Penobscot River","2015-08-07 00:00:00","Penobscot River",512807,4950070,94,110,cm,7.5,kg,1,0,1,EF,65,53,62,,,,,,,,,,,,NA,NA,Penobscot,
SNS-2015-034,SNS,1221724,Acoustic,Wild,"FLOY: 102380; Genetic ID: G-1144; Photo ID: 15-053;",Sturgeon-PNR,"Penobscot River","2019-07-30 00:00:00",Penobscot,514772,4947174,96,111,cm,6.1500000000000004,kg,1,1,0,U,67,48,63,,,,,,,,,,,,NA,NA,Penobscot,
SNS-2015-038,SNS,1221719,Acoustic,Wild,"FLOY: 102384; Genetic ID: G-1145; Photo ID: 15-054;",Sturgeon-PNR,"Penobscot River","2015-08-07 00:00:00","Penobscot River",512962,4949762,92,109,cm,9.5999999999999996,kg,1,0,1,EF,67,50,60,,,,,,,,,,,,NA,NA,Penobscot,
SNS-2015-043,SNS,1221720,Acoustic,Wild,"FLOY: 53348; Genetic ID: G-1151; Photo ID: 17-085;",Sturgeon-PNR,"Penobscot River","2015-08-20 00:00:00","Penobscot River",512851,4950008,92,103,cm,7.0999999999999996,kg,1,0,1,EF,71,54,65,,,,,,,,,,,,NA,NA,Penobscot,
SNS-2015-043,SNS,1221720,Acoustic,Wild,"FLOY: 53348; Genetic ID: G-1151; Photo ID: 17-085;",Sturgeon-PNR,"Penobscot River","2017-09-14 00:00:00",Penobscot,512949,4949697,95,107,cm,7.8499999999999996,kg,1,1,0,EF,73,57,75,,,,,,,,,,,,NA,NA,Penobscot,
SNS-2015-043,SNS,1221720,Acoustic,Wild,"FLOY: 53348; Genetic ID: G-1151; Photo ID: 17-085;",Sturgeon-PNR,"Penobscot River","2019-07-16 00:00:00",Penobscot,514570,4947044,96,106,cm,6.7999999999999998,kg,1,1,0,U,74,49,67,,,,,,,,,,,,NA,NA,Penobscot,
SNS-2015-048,SNS,1221723,Acoustic,Wild,"FLOY: 102376; Genetic ID: G-1156; Photo ID: 15-068;",Sturgeon-PNR,"Penobscot River","2015-09-03 00:00:00","Penobscot River",517148,4958288,91,105,cm,5.4000000000000004,kg,1,0,1,EF,70,56,57,,,,,,,,,,,,NA,NA,Penobscot,
SNS-2015-049,SNS,1221733,Acoustic,Wild,"FLOY: 102774; Genetic ID: G-1157; Photo ID: 15-069;",Sturgeon-PNR,"Penobscot River","2015-09-03 00:00:00","Penobscot River",517152,4958133,82,96,cm,4.7000000000000002,kg,1,0,1,EF,64,51,55,,,,,,,,,,,,NA,NA,Penobscot,
SNS-2015-049,SNS,1221733,Acoustic,Wild,"FLOY: 102774; Genetic ID: G-1157; Photo ID: 15-069;",Sturgeon-PNR,"Penobscot River","2016-08-18 00:00:00","Penobscot River",513014,4949586,84,98,cm,4.9000000000000004,kg,1,1,0,U,,,,,,,,,,,,,,,NA,NA,Penobscot,
SNS-2015-050,SNS,1221730,Acoustic,Wild,"FLOY: 102702; Genetic ID: G-1158; Photo ID: 15-071;",Sturgeon-PNR,"Penobscot River","2015-09-04 00:00:00","Penobscot River",517099,4958195,91,98,cm,6.5499999999999998,kg,1,0,1,LF,64,45,54,,,,,,,,,,,,NA,NA,Penobscot,
SNS-2015-051,SNS,1221729,Acoustic,Wild,"FLOY: 102311; Genetic ID: G-1159; Photo ID: 15-072;",Sturgeon-PNR,"Penobscot River","2015-09-04 00:00:00","Penobscot River",517165,49580401,86,98,cm,5.4000000000000004,kg,1,0,1,EF,66,47,58,,,,,,,,,,,,NA,NA,Penobscot,
SNS-2015-056,SNS,1221732,Acoustic,Wild,"FLOY: 102771; Genetic ID: G-1163; Photo ID: 15-077;",Sturgeon-PNR,"Penobscot River","2015-09-04 00:00:00","Penobscot River",517230,4958380,97,99,cm,7.2000000000000002,kg,1,0,1,LF,64,51,57,,,,,,,,,,,,NA,NA,Penobscot,
SNS-2015-084,SNS,1221726,Acoustic,Wild,"FLOY: 102714; Genetic ID: G-1193; Photo ID: 15-114;",Sturgeon-PNR,"Penobscot River","2015-09-18 00:00:00","Penobscot River",517165,4958288,92,105,cm,7.2000000000000002,kg,1,0,1,LF,68,52,57,,,,,,,,,,,,NA,NA,Penobscot,
SNS-2015-088,SNS,1221725,Acoustic,Wild,"FLOY: 102718; Genetic ID: G-1198; Photo ID: 15-119;",Sturgeon-PNR,"Penobscot River","2015-09-23 00:00:00","Penobscot River",517178,4958274,85,99,cm,5.7999999999999998,kg,1,0,1,LF,69,47,57,,,,,,,,,,,,NA,NA,Penobscot,
SNS-2015-090,SNS,1221731,Acoustic,Wild,"FLOY: 102706; Genetic ID: G-1196; Photo ID: 15-117;",Sturgeon-PNR,"Penobscot River","2015-09-23 00:00:00","Penobscot River",517090,4958226,81,95,cm,4.7999999999999998,kg,1,0,1,LF,57,40,51,,,,,,,,,,,,NA,NA,Penobscot,
SNS-2015-113,SNS,1221728,Acoustic,Wild,"FLOY: 102373; Genetic ID: G-1221; Photo ID: 15-147;",Sturgeon-PNR,"Penobscot River","2015-10-09 00:00:00","Penobscot River",520289,4961984,94,112,cm,7.7999999999999998,kg,1,0,1,LF,67,52,61,,,,,,,,,,,,NA,NA,Penobscot,
SNS-2016-116,SNS,1251362,Acoustic,Wild,"FLOY: 53046; Genetic ID: G-1433; Photo ID: 16-178;",Sturgeon-PNR,"Penobscot River","2016-11-11 00:00:00","Penobscot River",522376,4963146,70,81,cm,2.5499999999999998,kg,1,0,1,TT,,,,,,,,,,,,,,T,11183,9002,Penobscot,
SNS-2016-116,SNS,1251362,Acoustic,Wild,"FLOY: 53046; Genetic ID: G-1433; Photo ID: 16-178;",Sturgeon-PNR,"Penobscot River","2020-07-06 00:00:00","Penobscot River",528022,4976571,77,91,cm,3.4500000000000002,kg,1,1,0,,,,,,,,,,,,,,,T,11183,9002,Penobscot,
SNS-2017-021,SNS,1251360,Acoustic,Wild,"FLOY: 53394; Genetic ID: G-1497; Photo ID: 17-027;",Sturgeon-PNR,"Penobscot River","2017-07-11 00:00:00",Penobscot,,,62,73,cm,1.5,kg,1,0,1,TT,44,32,35,,,,,,,,,,,T,11181,A69-9002,Penobscot,
SNS-2017-025,SNS,1268215,Acoustic,Wild,"FLOY: 53301; Genetic ID: G-1503; Photo ID: 17-036;",Sturgeon-PNR,"Penobscot River","2017-07-26 00:00:00",Penobscot,513726,4954681,75,90,cm,3.5499999999999998,kg,1,0,1,TT,56,44,52,,,,,,,,,,,,NA,NA,Penobscot,
SNS-2017-027,SNS,1268217,Acoustic,Wild,"FLOY: 53303; Genetic ID: G-1505; Photo ID: 17-038;",Sturgeon-PNR,"Penobscot River","2017-07-27 00:00:00",Penobscot,517724,4958887,71,82,cm,3.0499999999999998,kg,1,0,1,TT,47,36,45,,,,,,,,,,,,NA,NA,Penobscot,
SNS-2017-030,SNS,1268219,Acoustic,Wild,"FLOY: 53307; Genetic ID: G-1508; Photo ID: 17-042;",Sturgeon-PNR,"Penobscot River","2017-08-01 00:00:00",Penobscot,514486,4948140,84,97,cm,5.6500000000000004,kg,1,0,1,LF,54,34,51,,,,,,,,,,,,NA,NA,Penobscot,
SNS-2017-033,SNS,1268223,Acoustic,Wild,"FLOY: 53311; Genetic ID: G-1511; Photo ID: 17-046;",Sturgeon-PNR,"Penobscot River","2017-08-14 00:00:00",Penobscot,514533,4947474,77,89,cm,4.25,kg,1,0,1,MF,53,37,49,,,,,,,,,,,,NA,NA,Penobscot,
SNS-2017-036,SNS,1268218,Acoustic,Wild,"FLOY: 53314; Genetic ID: G-1514; Photo ID: 17-049;",Sturgeon-PNR,"Penobscot River","2017-08-15 00:00:00",Penobscot,513133,4952967,73,86,cm,3.7999999999999998,kg,1,0,1,MF,53,37,44,,,,,,,,,,,,NA,NA,Penobscot,
SNS-2018-016,SNS,1251359,Acoustic,Wild,"FLOY: 54328; Genetic ID: G-1776; Photo ID: 18-026;",Sturgeon-PNR,"Penobscot RIver","2018-06-12 00:00:00",Penobscot,528022,4976571,61,73,cm,1.7,kg,1,0,1,TT,52,38,47,,,,,,,,,,,T,11180,9002,Penobscot,"Caught at Milford Lift"
SNS-2018-023,SNS,1251358,Acoustic,Wild,"FLOY: 54336; Genetic ID: G-1785; Photo ID: 18-038;",Sturgeon-PNR,"Penobscot RIver","2018-07-01 00:00:00",Penobscot,528022,4976571,81,91,cm,3.0499999999999998,kg,1,0,1,U,59,41,51,,,,,,,,,,,T,11179,9002,Penobscot,"Caught at Milford Lift"
SNS-2019-036,SNS,1251361,Acoustic,Wild,"FLOY: 54551; Genetic ID: G-1950;",Sturgeon-PNR,"Penobscot River","2019-07-09 00:00:00",Penobscot,528022,4976571,54,61,cm,0.84999999999999998,kg,1,0,1,,36,30,34,,,,,,,,,,,T,11183,9002,Penobscot,"Caught at Milford Lift"
   
